arrival,carrier,co2,departure,distance,dwell,from_lat,from_lon,from_name,mode,shipment,step,time,to_lat,to_lon,to_name
2018-01-23 06:51:51.757542,3,5456.697872947278,2018-01-22 22:28:00.000000,6718.1683426458985,2018-01-22 22:28:00.000000,-11.052480000000001,26.54665,9,plane,ship00000,0,8.397710428307372,43.26271,-2.92528,1
2018-01-23 21:17:40.041767,0,1579.0264214083552,2018-01-23 18:51:51.757542,1944.0631611838453,2018-01-23 06:51:51.757542,43.26271,-2.92528,1,plane,ship00000,1,2.4300789514798065,58.27429,11.43576,10
2018-01-24 00:23:07.625214,3,708.9113561828754,2018-01-23 23:17:40.041767,872.7963214642101,2018-01-23 21:17:40.041767,58.27429,11.43576,10,plane,ship00000,2,1.0909954018302626,64.62477,21.07689,7
2017-10-31 08:06:48.120671,2,882.3642301231122,2017-10-25 17:45:00.000000,6718.1683426458985,2017-10-25 17:45:00.000000,-11.052480000000001,26.54665,9,truck,ship00001,0,134.36336685291795,43.26271,-2.92528,1
2017-11-02 13:54:06.130720,3,195.620003330901,2017-11-01 08:06:48.120671,1489.4168062349704,2017-10-31 08:06:48.120671,43.26271,-2.92528,1,truck,ship00001,1,29.7883361246994,53.57532,10.01534,2
2017-11-03 10:37:35.862799,2,1120.8290415253841,2017-11-03 08:54:06.130720,1379.940462092491,2017-11-02 13:54:06.130720,53.57532,10.01534,2,plane,ship00001,2,1.7249255776156138,64.62477,21.07689,7
2018-04-27 00:21:55.999744,4,5923.142104822553,2018-04-26 15:15:00.000000,7292.444387454973,2018-04-26 15:15:00.000000,-11.052480000000001,26.54665,9,plane,ship00002,0,9.115555484318717,51.9225,4.47917,6
2018-04-27 23:02:46.427461,2,109.54198856023407,2018-04-27 06:21:55.999744,834.0337182901937,2018-04-27 00:21:55.999744,51.9225,4.47917,6,truck,ship00002,1,16.680674365803878,58.27429,11.43576,10
2018-04-29 02:30:07.762606,2,114.63306886110935,2018-04-28 09:02:46.427461,872.7963214642101,2018-04-27 23:02:46.427461,58.27429,11.43576,10,truck,ship00002,2,17.455926429284197,64.62477,21.07689,7
2018-05-06 02:51:03.484110,0,4429.989799711885,2018-05-05 20:02:00.000000,5454.107580010446,2018-05-05 20:02:00.000000,46.81228,-71.21454,8,plane,ship00003,0,6.817634475013058,33.58831,-7.6113800000000005,3
2018-05-06 17:27:32.324956,2,2994.2120445916494,2018-05-06 12:51:03.484110,3686.409076975302,2018-05-06 02:51:03.484110,33.58831,-7.6113800000000005,3,plane,ship00003,1,4.608011346219128,60.451480000000004,22.26869,5
2018-05-07 13:02:43.436913,1,381.04632552407656,2018-05-07 12:27:32.324956,469.1359904510748,2018-05-06 17:27:32.324956,60.451480000000004,22.26869,5,plane,ship00003,2,0.5864199880638434,64.62477,21.07689,7
2018-07-09 05:05:00.437026,2,5869.794347875761,2018-07-08 20:03:00.000000,7226.763783504376,2018-07-08 20:03:00.000000,-10.714839999999999,25.466739999999998,4,plane,ship00004,0,9.03345472938047,51.9225,4.47917,6
2018-07-10 04:53:38.196142,2,1176.4265525572273,2018-07-10 03:05:00.437026,1448.3909145897437,2018-07-09 05:05:00.437026,51.9225,4.47917,6,plane,ship00004,1,1.8104886432371796,60.451480000000004,22.26869,5
2018-07-11 09:16:35.987454,0,61.616320985844155,2018-07-10 23:53:38.196142,469.1359904510748,2018-07-10 04:53:38.196142,60.451480000000004,22.26869,5,truck,ship00004,2,9.382719809021495,64.62477,21.07689,7
2018-01-10 13:06:41.625838,4,5389.89074546952,2018-01-10 04:49:00.000000,6635.9168529474655,2018-01-10 04:49:00.000000,-10.714839999999999,25.466739999999998,4,plane,ship00005,0,8.294896066184332,43.26271,-2.92528,1
2018-01-11 15:18:00.940200,3,2071.965223217663,2018-01-11 12:06:41.625838,2550.9587471746468,2018-01-10 13:06:41.625838,43.26271,-2.92528,1,plane,ship00005,1,3.188698433968308,60.451480000000004,22.26869,5
2018-01-12 16:03:56.522825,4,12.253832070582073,2018-01-11 21:18:00.940200,469.1359904510748,2018-01-11 15:18:00.940200,60.451480000000004,22.26869,5,boat,ship00005,2,18.76543961804299,64.62477,21.07689,7
2018-06-27 02:24:55.999744,3,5923.142104822553,2018-06-26 17:18:00.000000,7292.444387454973,2018-06-26 17:18:00.000000,-11.052480000000001,26.54665,9,plane,ship00006,0,9.115555484318717,51.9225,4.47917,6
2018-06-28 22:46:36.855178,0,21.78496072173986,2018-06-27 13:24:55.999744,834.0337182901937,2018-06-27 02:24:55.999744,51.9225,4.47917,6,boat,ship00006,1,33.361348731607755,58.27429,11.43576,10
2018-06-30 14:13:58.190323,3,114.63306886110935,2018-06-29 20:46:36.855178,872.7963214642101,2018-06-28 22:46:36.855178,58.27429,11.43576,10,truck,ship00006,2,17.455926429284197,64.62477,21.07689,7
2017-09-03 22:01:06.013412,4,871.5613194661203,2017-08-29 09:18:00.000000,6635.9168529474655,2017-08-29 09:18:00.000000,-10.714839999999999,25.466739999999998,4,truck,ship00007,0,132.71833705894932,43.26271,-2.92528,1
2017-09-04 19:26:54.297637,3,1579.0264214083552,2017-09-04 17:01:06.013412,1944.0631611838453,2017-09-03 22:01:06.013412,43.26271,-2.92528,1,plane,ship00007,1,2.4300789514798065,58.27429,11.43576,10
2017-09-06 20:21:36.967928,3,22.797439916645175,2017-09-05 09:26:54.297637,872.7963214642101,2017-09-04 19:26:54.297637,58.27429,11.43576,10,boat,ship00007,2,34.911852858568395,64.62477,21.07689,7
2017-10-15 11:47:55.995897,3,957.7896458483361,2017-10-09 09:57:00.000000,7292.444387454973,2017-10-09 09:57:00.000000,-11.052480000000001,26.54665,9,truck,ship00008,0,145.84888774909948,51.9225,4.47917,6
2017-10-18 07:44:04.287598,4,37.8319706890841,2017-10-15 21:47:55.995897,1448.3909145897437,2017-10-15 11:47:55.995897,51.9225,4.47917,6,boat,ship00008,1,57.93563658358975,60.451480000000004,22.26869,0
2017-10-19 02:19:15.399555,0,381.04632552407656,2017-10-19 01:44:04.287598,469.1359904510748,2017-10-18 07:44:04.287598,60.451480000000004,22.26869,0,plane,ship00008,2,0.5864199880638434,64.62477,21.07689,7
2018-05-24 17:00:20.093238,0,136.41534469008494,2018-05-16 00:06:00.000000,5222.639536373848,2018-05-16 00:06:00.000000,46.81228,-71.21454,8,boat,ship00009,0,208.90558145495396,43.26271,-2.92528,1
2018-05-28 17:46:05.188448,4,50.778929770122055,2018-05-25 12:00:20.093238,1944.0631611838453,2018-05-24 17:00:20.093238,43.26271,-2.92528,1,boat,ship00009,1,77.7625264473538,58.27429,11.43576,10
2018-05-30 05:13:26.523593,3,114.63306886110935,2018-05-29 11:46:05.188448,872.7963214642101,2018-05-28 17:46:05.188448,58.27429,11.43576,10,truck,ship00009,2,17.455926429284197,64.62477,21.07689,7
2018-05-31 20:43:16.381757,2,4973.804434401284,2018-05-31 13:04:00.000000,6123.640390531357,2018-05-31 13:04:00.000000,-11.052480000000001,26.54665,9,plane,ship00010,0,7.6545504881641975,33.58831,-7.6113800000000005,3
2018-06-01 00:35:07.784179,2,2510.946308664861,2018-05-31 20:43:16.381757,3091.4227603817403,2018-05-31 20:43:16.381757,33.58831,-7.6113800000000005,3,plane,ship00010,1,3.864278450477175,58.27429,11.43576,10
2018-06-02 06:02:29.119324,0,114.63306886110935,2018-06-01 12:35:07.784179,872.7963214642101,2018-06-01 00:35:07.784179,58.27429,11.43576,10,truck,ship00010,2,17.455926429284197,64.62477,21.07689,7
2018-06-16 20:32:06.992412,3,949.1631553254648,2018-06-10 20:00:00.000000,7226.763783504376,2018-06-10 20:00:00.000000,-10.714839999999999,25.466739999999998,4,truck,ship00011,0,144.53527567008751,51.9225,4.47917,6
2018-06-17 21:12:57.420129,2,109.54198856023407,2018-06-17 04:32:06.992412,834.0337182901937,2018-06-16 20:32:06.992412,51.9225,4.47917,6,truck,ship00011,1,16.680674365803878,58.27429,11.43576,10
2018-06-18 18:40:18.755274,4,114.63306886110935,2018-06-18 01:12:57.420129,872.7963214642101,2018-06-17 21:12:57.420129,58.27429,11.43576,10,truck,ship00011,2,17.455926429284197,64.62477,21.07689,7
2017-10-17 07:28:41.625838,4,5389.89074546952,2017-10-16 23:11:00.000000,6635.9168529474655,2017-10-16 23:11:00.000000,-10.714839999999999,25.466739999999998,4,plane,ship00012,0,8.294896066184332,43.26271,-2.92528,1
2017-10-18 03:20:24.001466,0,1209.7490125282295,2017-10-18 01:28:41.625838,1489.4168062349704,2017-10-17 07:28:41.625838,43.26271,-2.92528,1,plane,ship00012,1,1.8617710077937129,53.57532,10.01534,2
2017-10-18 06:03:53.733545,0,1120.8290415253841,2017-10-18 04:20:24.001466,1379.940462092491,2017-10-18 03:20:24.001466,53.57532,10.01534,2,plane,ship00012,2,1.7249255776156138,64.62477,21.07689,7
2017-09-12 21:04:13.984825,4,188.7630700251343,2017-08-31 20:00:00.000000,7226.763783504376,2017-08-31 20:00:00.000000,-10.714839999999999,25.466739999999998,4,boat,ship00013,0,289.07055134017503,51.9225,4.47917,6
2017-09-13 04:35:28.135430,4,338.2758546336468,2017-09-13 04:04:13.984825,416.4779122091608,2017-09-12 21:04:13.984825,51.9225,4.47917,6,plane,ship00013,1,0.5205973902614511,53.57532,10.01534,2
2017-09-13 21:18:57.867509,0,1120.8290415253841,2017-09-13 19:35:28.135430,1379.940462092491,2017-09-13 04:35:28.135430,53.57532,10.01534,2,plane,ship00013,2,1.7249255776156138,64.62477,21.07689,7
2018-03-10 15:55:08.400185,3,137.7736403669411,2018-03-01 20:56:00.000000,5274.641667953334,2018-03-01 20:56:00.000000,46.81228,-71.21454,8,boat,ship00014,0,210.9856667181334,51.9225,4.47917,6
2018-03-12 07:16:49.255619,0,21.78496072173986,2018-03-10 21:55:08.400185,834.0337182901937,2018-03-10 15:55:08.400185,51.9225,4.47917,6,boat,ship00014,1,33.361348731607755,58.27429,11.43576,10
2018-03-13 02:22:16.839066,4,708.9113561828754,2018-03-13 01:16:49.255619,872.7963214642101,2018-03-12 07:16:49.255619,58.27429,11.43576,10,plane,ship00014,2,1.0909954018302626,64.62477,21.07689,7
2018-05-23 10:15:51.491522,1,142.46128998987282,2018-05-14 08:06:00.000000,5454.107580010446,2018-05-14 08:06:00.000000,46.81228,-71.21454,8,boat,ship00015,0,218.16430320041786,33.58831,-7.6113800000000005,3
2018-05-24 06:52:20.332368,1,2994.2120445916494,2018-05-24 02:15:51.491522,3686.409076975302,2018-05-23 10:15:51.491522,33.58831,-7.6113800000000005,3,plane,ship00015,1,4.608011346219128,60.451480000000004,22.26869,0
2018-05-24 16:27:31.444325,2,381.04632552407656,2018-05-24 15:52:20.332368,469.1359904510748,2018-05-24 06:52:20.332368,60.451480000000004,22.26869,0,plane,ship00015,2,0.5864199880638434,64.62477,21.07689,7
2018-05-20 02:37:51.757542,2,5456.697872947278,2018-05-19 18:14:00.000000,6718.1683426458985,2018-05-19 18:14:00.000000,-11.052480000000001,26.54665,9,plane,ship00016,0,8.397710428307372,43.26271,-2.92528,1
2018-05-20 09:03:40.041767,2,1579.0264214083552,2018-05-20 06:37:51.757542,1944.0631611838453,2018-05-20 02:37:51.757542,43.26271,-2.92528,1,plane,ship00016,1,2.4300789514798065,58.27429,11.43576,10
2018-05-22 04:58:22.712058,4,22.797439916645175,2018-05-20 18:03:40.041767,872.7963214642101,2018-05-20 09:03:40.041767,58.27429,11.43576,10,boat,ship00016,2,34.911852858568395,64.62477,21.07689,7
2018-05-29 18:41:34.200093,2,692.771436668991,2018-05-25 09:12:00.000000,5274.641667953334,2018-05-25 09:12:00.000000,46.81228,-71.21454,8,truck,ship00017,0,105.4928333590667,51.9225,4.47917,6
2018-05-30 00:12:48.350698,4,338.2758546336468,2018-05-29 23:41:34.200093,416.4779122091608,2018-05-29 18:41:34.200093,51.9225,4.47917,6,plane,ship00017,1,0.5205973902614511,53.57532,10.01534,2
2018-06-01 16:24:39.777239,3,36.04404486985587,2018-05-30 09:12:48.350698,1379.940462092491,2018-05-30 00:12:48.350698,53.57532,10.01534,2,boat,ship00017,2,55.197618483699635,64.62477,21.07689,7
2017-08-26 16:03:06.992412,4,949.1631553254648,2017-08-20 15:31:00.000000,7226.763783504376,2017-08-20 15:31:00.000000,-10.714839999999999,25.466739999999998,4,truck,ship00018,0,144.53527567008751,51.9225,4.47917,6
2017-08-27 10:42:39.811770,2,10.878403066903283,2017-08-26 18:03:06.992412,416.4779122091608,2017-08-26 16:03:06.992412,51.9225,4.47917,6,boat,ship00018,1,16.659116488366436,53.57532,10.01534,2
2017-08-28 03:26:09.543849,2,1120.8290415253841,2017-08-28 01:42:39.811770,1379.940462092491,2017-08-27 10:42:39.811770,53.57532,10.01534,2,plane,ship00018,2,1.7249255776156138,64.62477,21.07689,7
2018-02-24 06:54:51.757542,1,5456.697872947278,2018-02-23 22:31:00.000000,6718.1683426458985,2018-02-23 22:31:00.000000,-11.052480000000001,26.54665,9,plane,ship00019,0,8.397710428307372,43.26271,-2.92528,1
2018-02-27 08:56:00.787339,2,335.04292185391813,2018-02-25 05:54:51.757542,2550.9587471746468,2018-02-24 06:54:51.757542,43.26271,-2.92528,1,truck,ship00019,1,51.01917494349293,60.451480000000004,22.26869,0
2018-02-28 08:18:58.578651,1,61.616320985844155,2018-02-27 22:56:00.787339,469.1359904510748,2018-02-27 08:56:00.787339,60.451480000000004,22.26869,0,truck,ship00019,2,9.382719809021495,64.62477,21.07689,7
2018-04-27 21:48:51.757542,0,5456.697872947278,2018-04-27 13:25:00.000000,6718.1683426458985,2018-04-27 13:25:00.000000,-11.052480000000001,26.54665,9,plane,ship00020,0,8.397710428307372,43.26271,-2.92528,1
2018-05-02 04:51:09.817135,1,66.63104247620177,2018-04-27 22:48:51.757542,2550.9587471746468,2018-04-27 21:48:51.757542,43.26271,-2.92528,1,boat,ship00020,1,102.03834988698586,60.451480000000004,22.26869,0
2018-05-03 03:14:07.608447,3,61.616320985844155,2018-05-02 17:51:09.817135,469.1359904510748,2018-05-02 04:51:09.817135,60.451480000000004,22.26869,0,truck,ship00020,2,9.382719809021495,64.62477,21.07689,7
2018-01-10 06:58:51.491522,4,142.46128998987282,2018-01-01 04:49:00.000000,5454.107580010446,2018-01-01 04:49:00.000000,46.81228,-71.21454,8,boat,ship00021,0,218.16430320041786,33.58831,-7.6113800000000005,3
2018-01-12 21:24:55.139371,0,344.3363542844131,2018-01-10 16:58:51.491522,2621.7173312350624,2018-01-10 06:58:51.491522,33.58831,-7.6113800000000005,3,truck,ship00021,1,52.43434662470125,53.57532,10.01534,2
2018-01-14 17:00:50.852642,4,181.24138029122776,2018-01-13 13:24:55.139371,1379.940462092491,2018-01-12 21:24:55.139371,53.57532,10.01534,2,truck,ship00021,2,27.598809241849818,64.62477,21.07689,7
2017-08-26 23:13:55.995897,1,957.7896458483361,2017-08-20 21:23:00.000000,7292.444387454973,2017-08-20 21:23:00.000000,-11.052480000000001,26.54665,9,truck,ship00022,0,145.84888774909948,51.9225,4.47917,6
2017-08-28 00:33:42.405576,4,54.70020898955119,2017-08-27 16:13:55.995897,416.4779122091608,2017-08-26 23:13:55.995897,51.9225,4.47917,6,truck,ship00022,1,8.329558244183218,53.57532,10.01534,2
2017-08-30 19:45:33.832117,1,36.04404486985587,2017-08-28 12:33:42.405576,1379.940462092491,2017-08-28 00:33:42.405576,53.57532,10.01534,2,boat,ship00022,2,55.197618483699635,64.62477,21.07689,7
2018-07-18 11:59:20.093238,1,136.41534469008494,2018-07-09 19:05:00.000000,5222.639536373848,2018-07-09 19:05:00.000000,46.81228,-71.21454,8,boat,ship00023,0,208.90558145495396,43.26271,-2.92528,1
2018-07-20 20:00:29.123035,2,335.04292185391813,2018-07-18 16:59:20.093238,2550.9587471746468,2018-07-18 11:59:20.093238,43.26271,-2.92528,1,truck,ship00023,1,51.01917494349293,60.451480000000004,22.26869,0
2018-07-22 12:46:24.705660,3,12.253832070582073,2018-07-21 18:00:29.123035,469.1359904510748,2018-07-20 20:00:29.123035,60.451480000000004,22.26869,0,boat,ship00023,2,18.76543961804299,64.62477,21.07689,7
2018-06-14 16:11:41.625838,4,5389.89074546952,2018-06-14 07:54:00.000000,6635.9168529474655,2018-06-14 07:54:00.000000,-10.714839999999999,25.466739999999998,4,plane,ship00024,0,8.294896066184332,43.26271,-2.92528,1
2018-06-15 08:23:00.940200,1,2071.965223217663,2018-06-15 05:11:41.625838,2550.9587471746468,2018-06-14 16:11:41.625838,43.26271,-2.92528,1,plane,ship00024,1,3.188698433968308,60.451480000000004,22.26869,0
2018-06-15 19:45:58.731512,3,61.616320985844155,2018-06-15 10:23:00.940200,469.1359904510748,2018-06-15 08:23:00.940200,60.451480000000004,22.26869,0,truck,ship00024,2,9.382719809021495,64.62477,21.07689,7
2018-02-05 20:04:03.484110,0,4429.989799711885,2018-02-05 13:15:00.000000,5454.107580010446,2018-02-05 13:15:00.000000,46.81228,-71.21454,8,plane,ship00025,0,6.817634475013058,33.58831,-7.6113800000000005,3
2018-02-09 07:53:45.922857,0,406.02746534853776,2018-02-06 18:04:03.484110,3091.4227603817403,2018-02-05 20:04:03.484110,33.58831,-7.6113800000000005,3,truck,ship00025,1,61.82845520763479,58.27429,11.43576,10
2018-02-09 17:59:13.506304,4,708.9113561828754,2018-02-09 16:53:45.922857,872.7963214642101,2018-02-09 07:53:45.922857,58.27429,11.43576,10,plane,ship00025,2,1.0909954018302626,64.62477,21.07689,7
2018-06-12 00:31:51.991794,2,190.4786474003239,2018-05-30 20:50:00.000000,7292.444387454973,2018-05-30 20:50:00.000000,-11.052480000000001,26.54665,9,boat,ship00026,0,291.69777549819895,51.9225,4.47917,6
2018-06-12 03:03:06.142399,1,338.2758546336468,2018-06-12 02:31:51.991794,416.4779122091608,2018-06-12 00:31:51.991794,51.9225,4.47917,6,plane,ship00026,1,0.5205973902614511,53.57532,10.01534,2
2018-06-15 07:14:57.568940,0,36.04404486985587,2018-06-13 00:03:06.142399,1379.940462092491,2018-06-12 03:03:06.142399,53.57532,10.01534,2,boat,ship00026,2,55.197618483699635,64.62477,21.07689,7
2018-02-14 00:43:51.491522,1,142.46128998987282,2018-02-04 22:34:00.000000,5454.107580010446,2018-02-04 22:34:00.000000,46.81228,-71.21454,8,boat,ship00027,0,218.16430320041786,33.58831,-7.6113800000000005,3
2018-02-19 20:23:16.369017,1,80.74796250117105,2018-02-14 16:43:51.491522,3091.4227603817403,2018-02-14 00:43:51.491522,33.58831,-7.6113800000000005,3,boat,ship00027,1,123.65691041526958,58.27429,11.43576,10
2018-02-20 12:28:43.952464,0,708.9113561828754,2018-02-20 11:23:16.369017,872.7963214642101,2018-02-19 20:23:16.369017,58.27429,11.43576,10,plane,ship00027,2,1.0909954018302626,64.62477,21.07689,7
2017-09-21 23:11:00.437026,0,5869.794347875761,2017-09-21 14:09:00.000000,7226.763783504376,2017-09-21 14:09:00.000000,-10.714839999999999,25.466739999999998,4,plane,ship00028,0,9.03345472938047,51.9225,4.47917,6
2017-09-24 23:07:08.728727,0,37.8319706890841,2017-09-22 13:11:00.437026,1448.3909145897437,2017-09-21 23:11:00.437026,51.9225,4.47917,6,boat,ship00028,1,57.93563658358975,60.451480000000004,22.26869,0
2017-09-26 04:30:06.520039,4,61.616320985844155,2017-09-25 19:07:08.728727,469.1359904510748,2017-09-24 23:07:08.728727,60.451480000000004,22.26869,0,truck,ship00028,2,9.382719809021495,64.62477,21.07689,7
2017-08-15 20:08:12.026824,2,173.3301481989878,2017-08-04 18:42:00.000000,6635.9168529474655,2017-08-04 18:42:00.000000,-10.714839999999999,25.466739999999998,4,boat,ship00029,0,265.43667411789863,43.26271,-2.92528,1
2017-08-18 09:09:21.056621,4,335.04292185391813,2017-08-16 06:08:12.026824,2550.9587471746468,2017-08-15 20:08:12.026824,43.26271,-2.92528,1,truck,ship00029,1,51.01917494349293,60.451480000000004,22.26869,0
2017-08-19 11:55:16.639246,1,12.253832070582073,2017-08-18 17:09:21.056621,469.1359904510748,2017-08-18 09:09:21.056621,60.451480000000004,22.26869,0,boat,ship00029,2,18.76543961804299,64.62477,21.07689,7
2018-06-11 02:27:36.241341,4,175.47855710991084,2018-05-30 21:44:00.000000,6718.1683426458985,2018-05-30 21:44:00.000000,-11.052480000000001,26.54665,9,boat,ship00030,0,268.7267337058359,43.26271,-2.92528,1
2018-06-16 01:29:54.300934,4,66.63104247620177,2018-06-11 19:27:36.241341,2550.9587471746468,2018-06-11 02:27:36.241341,43.26271,-2.92528,1,boat,ship00030,1,102.03834988698586,60.451480000000004,22.26869,0
2018-06-16 06:05:05.412891,1,381.04632552407656,2018-06-16 05:29:54.300934,469.1359904510748,2018-06-16 01:29:54.300934,60.451480000000004,22.26869,0,plane,ship00030,2,0.5864199880638434,64.62477,21.07689,7
2018-01-04 15:13:07.607671,3,791.4468276606882,2017-12-30 14:42:00.000000,6025.9389954369435,2017-12-30 14:42:00.000000,-10.714839999999999,25.466739999999998,4,truck,ship00031,0,120.51877990873884,33.58831,-7.6113800000000005,3
2018-01-10 17:52:32.485166,4,80.74796250117105,2018-01-05 14:13:07.607671,3091.4227603817403,2018-01-04 15:13:07.607671,33.58831,-7.6113800000000005,3,boat,ship00031,1,123.65691041526958,58.27429,11.43576,10
2018-01-12 04:19:53.820311,4,114.63306886110935,2018-01-11 10:52:32.485166,872.7963214642101,2018-01-10 17:52:32.485166,58.27429,11.43576,10,truck,ship00031,2,17.455926429284197,64.62477,21.07689,7
2017-08-24 07:50:12.026824,2,173.3301481989878,2017-08-13 06:24:00.000000,6635.9168529474655,2017-08-13 06:24:00.000000,-10.714839999999999,25.466739999999998,4,boat,ship00032,0,265.43667411789863,43.26271,-2.92528,1
2017-08-25 00:41:54.402452,2,1209.7490125282295,2017-08-24 22:50:12.026824,1489.4168062349704,2017-08-24 07:50:12.026824,43.26271,-2.92528,1,plane,ship00032,1,1.8617710077937129,53.57532,10.01534,2
2017-08-26 11:17:50.115723,3,181.24138029122776,2017-08-25 07:41:54.402452,1379.940462092491,2017-08-25 00:41:54.402452,53.57532,10.01534,2,truck,ship00032,2,27.598809241849818,64.62477,21.07689,7
2018-01-04 06:10:51.757542,1,5456.697872947278,2018-01-03 21:47:00.000000,6718.1683426458985,2018-01-03 21:47:00.000000,-11.052480000000001,26.54665,9,plane,ship00033,0,8.397710428307372,43.26271,-2.92528,1
2018-01-06 00:58:09.767591,2,195.620003330901,2018-01-04 19:10:51.757542,1489.4168062349704,2018-01-04 06:10:51.757542,43.26271,-2.92528,1,truck,ship00033,1,29.7883361246994,53.57532,10.01534,2
2018-01-08 19:10:01.194132,0,36.04404486985587,2018-01-06 11:58:09.767591,1379.940462092491,2018-01-06 00:58:09.767591,53.57532,10.01534,2,boat,ship00033,2,55.197618483699635,64.62477,21.07689,7
2017-12-01 09:31:55.999744,4,5923.142104822553,2017-12-01 00:25:00.000000,7292.444387454973,2017-12-01 00:25:00.000000,-11.052480000000001,26.54665,9,plane,ship00034,0,9.115555484318717,51.9225,4.47917,6
2017-12-03 18:53:36.855178,1,21.78496072173986,2017-12-02 09:31:55.999744,834.0337182901937,2017-12-01 09:31:55.999744,51.9225,4.47917,6,boat,ship00034,1,33.361348731607755,58.27429,11.43576,10
2017-12-04 12:20:58.190323,2,114.63306886110935,2017-12-03 18:53:36.855178,872.7963214642101,2017-12-03 18:53:36.855178,58.27429,11.43576,10,truck,ship00034,2,17.455926429284197,64.62477,21.07689,7
2018-04-11 18:49:56.725479,2,4894.448430263748,2018-04-11 11:18:00.000000,6025.9389954369435,2018-04-11 11:18:00.000000,-10.714839999999999,25.466739999999998,4,plane,ship00035,0,7.532423744296177,33.58831,-7.6113800000000005,3
2018-04-12 14:06:34.453470,0,2129.4374679490547,2018-04-12 10:49:56.725479,2621.7173312350624,2018-04-11 18:49:56.725479,33.58831,-7.6113800000000005,3,plane,ship00035,1,3.277146664043828,53.57532,10.01534,2
2018-04-14 13:42:30.166741,4,181.24138029122776,2018-04-13 10:06:34.453470,1379.940462092491,2018-04-12 14:06:34.453470,53.57532,10.01534,2,truck,ship00035,2,27.598809241849818,64.62477,21.07689,7
2017-07-27 00:31:51.491522,1,142.46128998987282,2017-07-17 22:22:00.000000,5454.107580010446,2017-07-17 22:22:00.000000,46.81228,-71.21454,8,boat,ship00036,0,218.16430320041786,33.58831,-7.6113800000000005,3
2017-07-30 22:15:32.945064,3,484.1729681699362,2017-07-27 20:31:51.491522,3686.409076975302,2017-07-27 00:31:51.491522,33.58831,-7.6113800000000005,3,truck,ship00036,1,73.72818153950604,60.451480000000004,22.26869,0
2017-08-01 07:38:30.736376,1,61.616320985844155,2017-07-31 22:15:32.945064,469.1359904510748,2017-07-30 22:15:32.945064,60.451480000000004,22.26869,0,truck,ship00036,2,9.382719809021495,64.62477,21.07689,7
2018-05-04 23:49:55.995897,0,957.7896458483361,2018-04-28 21:59:00.000000,7292.444387454973,2018-04-28 21:59:00.000000,-11.052480000000001,26.54665,9,truck,ship00037,0,145.84888774909948,51.9225,4.47917,6
2018-05-06 09:30:46.423614,3,109.54198856023407,2018-05-05 16:49:55.995897,834.0337182901937,2018-05-04 23:49:55.995897,51.9225,4.47917,6,truck,ship00037,1,16.680674365803878,58.27429,11.43576,10
2018-05-07 21:25:29.093905,2,22.797439916645175,2018-05-06 10:30:46.423614,872.7963214642101,2018-05-06 09:30:46.423614,58.27429,11.43576,10,boat,ship00037,2,34.911852858568395,64.62477,21.07689,7
2018-05-28 10:31:20.093238,0,136.41534469008494,2018-05-19 17:37:00.000000,5222.639536373848,2018-05-19 17:37:00.000000,46.81228,-71.21454,8,boat,ship00038,0,208.90558145495396,43.26271,-2.92528,1
2018-05-28 14:23:02.468866,2,1209.7490125282295,2018-05-28 12:31:20.093238,1489.4168062349704,2018-05-28 10:31:20.093238,43.26271,-2.92528,1,plane,ship00038,1,1.8617710077937129,53.57532,10.01534,2
2018-05-31 13:34:53.895407,2,36.04404486985587,2018-05-29 06:23:02.468866,1379.940462092491,2018-05-28 14:23:02.468866,53.57532,10.01534,2,boat,ship00038,2,55.197618483699635,64.62477,21.07689,7
2017-08-28 19:49:06.013412,2,871.5613194661203,2017-08-23 07:06:00.000000,6635.9168529474655,2017-08-23 07:06:00.000000,-10.714839999999999,25.466739999999998,4,truck,ship00039,0,132.71833705894932,43.26271,-2.92528,1
2017-08-29 14:00:25.327774,4,2071.965223217663,2017-08-29 10:49:06.013412,2550.9587471746468,2017-08-28 19:49:06.013412,43.26271,-2.92528,1,plane,ship00039,1,3.188698433968308,60.451480000000004,22.26869,0
2017-08-29 19:35:36.439731,2,381.04632552407656,2017-08-29 19:00:25.327774,469.1359904510748,2017-08-29 14:00:25.327774,60.451480000000004,22.26869,0,plane,ship00039,2,0.5864199880638434,64.62477,21.07689,7
2018-02-24 18:04:10.046619,1,685.9414767073413,2018-02-20 09:37:00.000000,5222.639536373848,2018-02-20 09:37:00.000000,46.81228,-71.21454,8,truck,ship00040,0,104.45279072747697,43.26271,-2.92528,1
2018-02-27 02:57:02.594224,3,255.33325558988633,2018-02-25 12:04:10.046619,1944.0631611838453,2018-02-24 18:04:10.046619,43.26271,-2.92528,1,truck,ship00040,1,38.8812632236769,58.27429,11.43576,10
2018-02-28 04:02:30.177671,0,708.9113561828754,2018-02-28 02:57:02.594224,872.7963214642101,2018-02-27 02:57:02.594224,58.27429,11.43576,10,plane,ship00040,2,1.0909954018302626,64.62477,21.07689,7
2017-08-23 13:29:36.241341,2,175.47855710991084,2017-08-12 08:46:00.000000,6718.1683426458985,2017-08-12 08:46:00.000000,-11.052480000000001,26.54665,9,boat,ship00041,0,268.7267337058359,43.26271,-2.92528,1
2017-08-24 07:40:55.555703,0,2071.965223217663,2017-08-24 04:29:36.241341,2550.9587471746468,2017-08-23 13:29:36.241341,43.26271,-2.92528,1,plane,ship00041,1,3.188698433968308,60.451480000000004,22.26869,0
2017-08-24 20:03:53.347015,3,61.616320985844155,2017-08-24 10:40:55.555703,469.1359904510748,2017-08-24 07:40:55.555703,60.451480000000004,22.26869,0,truck,ship00041,2,9.382719809021495,64.62477,21.07689,7
2018-02-04 09:17:48.120671,4,882.3642301231122,2018-01-29 18:56:00.000000,6718.1683426458985,2018-01-29 18:56:00.000000,-11.052480000000001,26.54665,9,truck,ship00042,0,134.36336685291795,43.26271,-2.92528,1
2018-02-06 14:10:40.668276,4,255.33325558988633,2018-02-04 23:17:48.120671,1944.0631611838453,2018-02-04 09:17:48.120671,43.26271,-2.92528,1,truck,ship00042,1,38.8812632236769,58.27429,11.43576,10
2018-02-08 17:05:23.338567,2,22.797439916645175,2018-02-07 06:10:40.668276,872.7963214642101,2018-02-06 14:10:40.668276,58.27429,11.43576,10,boat,ship00042,2,34.911852858568395,64.62477,21.07689,7
2017-12-12 13:31:34.200093,2,692.771436668991,2017-12-08 04:02:00.000000,5274.641667953334,2017-12-08 04:02:00.000000,46.81228,-71.21454,8,truck,ship00043,0,105.4928333590667,51.9225,4.47917,6
2017-12-13 02:02:48.350698,1,338.2758546336468,2017-12-13 01:31:34.200093,416.4779122091608,2017-12-12 13:31:34.200093,51.9225,4.47917,6,plane,ship00043,1,0.5205973902614511,53.57532,10.01534,2
2017-12-14 07:38:44.063969,0,181.24138029122776,2017-12-13 04:02:48.350698,1379.940462092491,2017-12-13 02:02:48.350698,53.57532,10.01534,2,truck,ship00043,2,27.598809241849818,64.62477,21.07689,7
2018-06-01 18:28:51.491522,2,142.46128998987282,2018-05-23 16:19:00.000000,5454.107580010446,2018-05-23 16:19:00.000000,46.81228,-71.21454,8,boat,ship00044,0,218.16430320041786,33.58831,-7.6113800000000005,3
2018-06-08 11:56:14.398606,2,96.2890050905949,2018-06-02 08:28:51.491522,3686.409076975302,2018-06-01 18:28:51.491522,33.58831,-7.6113800000000005,3,boat,ship00044,1,147.45636307901208,60.451480000000004,22.26869,0
2018-06-08 20:31:25.510563,1,381.04632552407656,2018-06-08 19:56:14.398606,469.1359904510748,2018-06-08 11:56:14.398606,60.451480000000004,22.26869,0,plane,ship00044,2,0.5864199880638434,64.62477,21.07689,7
2018-06-23 00:47:48.120671,2,882.3642301231122,2018-06-17 10:26:00.000000,6718.1683426458985,2018-06-17 10:26:00.000000,-11.052480000000001,26.54665,9,truck,ship00045,0,134.36336685291795,43.26271,-2.92528,1
2018-06-23 06:39:30.496299,1,1209.7490125282295,2018-06-23 04:47:48.120671,1489.4168062349704,2018-06-23 00:47:48.120671,43.26271,-2.92528,1,plane,ship00045,1,1.8617710077937129,53.57532,10.01534,2
2018-06-24 20:15:26.209570,1,181.24138029122776,2018-06-23 16:39:30.496299,1379.940462092491,2018-06-23 06:39:30.496299,53.57532,10.01534,2,truck,ship00045,2,27.598809241849818,64.62477,21.07689,7
2018-05-01 04:51:10.046619,3,685.9414767073413,2018-04-26 20:24:00.000000,5222.639536373848,2018-04-26 20:24:00.000000,46.81228,-71.21454,8,truck,ship00046,0,104.45279072747697,43.26271,-2.92528,1
2018-05-01 23:42:52.422247,3,1209.7490125282295,2018-05-01 21:51:10.046619,1489.4168062349704,2018-05-01 04:51:10.046619,43.26271,-2.92528,1,plane,ship00046,1,1.8617710077937129,53.57532,10.01534,2
2018-05-02 21:26:22.154326,2,1120.8290415253841,2018-05-02 19:42:52.422247,1379.940462092491,2018-05-01 23:42:52.422247,53.57532,10.01534,2,plane,ship00046,2,1.7249255776156138,64.62477,21.07689,7
2017-12-15 22:24:55.995897,0,957.7896458483361,2017-12-09 20:34:00.000000,7292.444387454973,2017-12-09 20:34:00.000000,-11.052480000000001,26.54665,9,truck,ship00047,0,145.84888774909948,51.9225,4.47917,6
2017-12-17 18:46:36.851331,0,21.78496072173986,2017-12-16 09:24:55.995897,834.0337182901937,2017-12-15 22:24:55.995897,51.9225,4.47917,6,boat,ship00047,1,33.361348731607755,58.27429,11.43576,10
2017-12-18 11:52:04.434778,4,708.9113561828754,2017-12-18 10:46:36.851331,872.7963214642101,2017-12-17 18:46:36.851331,58.27429,11.43576,10,plane,ship00047,2,1.0909954018302626,64.62477,21.07689,7
2017-10-27 14:43:51.991794,2,190.4786474003239,2017-10-15 11:02:00.000000,7292.444387454973,2017-10-15 11:02:00.000000,-11.052480000000001,26.54665,9,boat,ship00048,0,291.69777549819895,51.9225,4.47917,6
2017-10-28 22:23:24.811152,1,10.878403066903283,2017-10-28 05:43:51.991794,416.4779122091608,2017-10-27 14:43:51.991794,51.9225,4.47917,6,boat,ship00048,1,16.659116488366436,53.57532,10.01534,2
2017-10-30 15:59:20.524423,4,181.24138029122776,2017-10-29 12:23:24.811152,1379.940462092491,2017-10-28 22:23:24.811152,53.57532,10.01534,2,truck,ship00048,2,27.598809241849818,64.62477,21.07689,7
2017-08-31 19:29:35.887506,0,4284.2222019617375,2017-08-31 12:54:00.000000,5274.641667953334,2017-08-31 12:54:00.000000,46.81228,-71.21454,8,plane,ship00049,0,6.593302084941668,51.9225,4.47917,6
2017-09-02 10:09:08.706864,1,10.878403066903283,2017-09-01 17:29:35.887506,416.4779122091608,2017-08-31 19:29:35.887506,51.9225,4.47917,6,boat,ship00049,1,16.659116488366436,53.57532,10.01534,2
2017-09-03 01:52:38.438943,4,1120.8290415253841,2017-09-03 00:09:08.706864,1379.940462092491,2017-09-02 10:09:08.706864,53.57532,10.01534,2,plane,ship00049,2,1.7249255776156138,64.62477,21.07689,7
2018-05-13 20:17:56.725479,1,4894.448430263748,2018-05-13 12:46:00.000000,6025.9389954369435,2018-05-13 12:46:00.000000,-10.714839999999999,25.466739999999998,4,plane,ship00050,0,7.532423744296177,33.58831,-7.6113800000000005,3
2018-05-20 01:45:19.632563,1,96.2890050905949,2018-05-13 22:17:56.725479,3686.409076975302,2018-05-13 20:17:56.725479,33.58831,-7.6113800000000005,3,boat,ship00050,1,147.45636307901208,60.451480000000004,22.26869,0
2018-05-20 03:20:30.744520,1,381.04632552407656,2018-05-20 02:45:19.632563,469.1359904510748,2018-05-20 01:45:19.632563,60.451480000000004,22.26869,0,plane,ship00050,2,0.5864199880638434,64.62477,21.07689,7
2017-12-04 05:04:44.216237,0,159.94948700067906,2017-11-24 00:08:00.000000,6123.640390531357,2017-11-24 00:08:00.000000,-11.052480000000001,26.54665,9,boat,ship00051,0,244.94561562125432,33.58831,-7.6113800000000005,3
2017-12-04 09:21:21.944228,1,2129.4374679490547,2017-12-04 06:04:44.216237,2621.7173312350624,2017-12-04 05:04:44.216237,33.58831,-7.6113800000000005,3,plane,ship00051,1,3.277146664043828,53.57532,10.01534,2
2017-12-05 03:04:51.676307,3,1120.8290415253841,2017-12-05 01:21:21.944228,1379.940462092491,2017-12-04 09:21:21.944228,53.57532,10.01534,2,plane,ship00051,2,1.7249255776156138,64.62477,21.07689,7
2018-01-09 20:58:03.484110,3,4429.989799711885,2018-01-09 14:09:00.000000,5454.107580010446,2018-01-09 14:09:00.000000,46.81228,-71.21454,8,plane,ship00052,0,6.817634475013058,33.58831,-7.6113800000000005,3
2018-01-12 20:24:07.131959,1,344.3363542844131,2018-01-10 15:58:03.484110,2621.7173312350624,2018-01-09 20:58:03.484110,33.58831,-7.6113800000000005,3,truck,ship00052,1,52.43434662470125,53.57532,10.01534,2
2018-01-15 17:35:58.558500,0,36.04404486985587,2018-01-13 10:24:07.131959,1379.940462092491,2018-01-12 20:24:07.131959,53.57532,10.01534,2,boat,ship00052,2,55.197618483699635,64.62477,21.07689,7
2017-10-19 19:16:10.046619,0,685.9414767073413,2017-10-15 10:49:00.000000,5222.639536373848,2017-10-15 10:49:00.000000,46.81228,-71.21454,8,truck,ship00053,0,104.45279072747697,43.26271,-2.92528,1
2017-10-20 11:41:58.330844,3,1579.0264214083552,2017-10-20 09:16:10.046619,1944.0631611838453,2017-10-19 19:16:10.046619,43.26271,-2.92528,1,plane,ship00053,1,2.4300789514798065,58.27429,11.43576,10
2017-10-20 20:47:25.914291,3,708.9113561828754,2017-10-20 19:41:58.330844,872.7963214642101,2017-10-20 11:41:58.330844,58.27429,11.43576,10,plane,ship00053,2,1.0909954018302626,64.62477,21.07689,7
2018-03-13 04:37:12.026824,4,173.3301481989878,2018-03-02 03:11:00.000000,6635.9168529474655,2018-03-02 03:11:00.000000,-10.714839999999999,25.466739999999998,4,boat,ship00054,0,265.43667411789863,43.26271,-2.92528,1
2018-03-13 07:28:54.402452,2,1209.7490125282295,2018-03-13 05:37:12.026824,1489.4168062349704,2018-03-13 04:37:12.026824,43.26271,-2.92528,1,plane,ship00054,1,1.8617710077937129,53.57532,10.01534,2
2018-03-16 03:40:45.828993,1,36.04404486985587,2018-03-13 20:28:54.402452,1379.940462092491,2018-03-13 07:28:54.402452,53.57532,10.01534,2,boat,ship00054,2,55.197618483699635,64.62477,21.07689,7
2018-04-27 18:52:41.625838,3,5389.89074546952,2018-04-27 10:35:00.000000,6635.9168529474655,2018-04-27 10:35:00.000000,-10.714839999999999,25.466739999999998,4,plane,ship00055,0,8.294896066184332,43.26271,-2.92528,1
2018-04-28 16:18:29.910063,0,1579.0264214083552,2018-04-28 13:52:41.625838,1944.0631611838453,2018-04-27 18:52:41.625838,43.26271,-2.92528,1,plane,ship00055,1,2.4300789514798065,58.27429,11.43576,10
2018-04-30 03:13:12.580354,0,22.797439916645175,2018-04-28 16:18:29.910063,872.7963214642101,2018-04-28 16:18:29.910063,58.27429,11.43576,10,boat,ship00055,2,34.911852858568395,64.62477,21.07689,7
2017-09-22 15:58:51.491522,1,142.46128998987282,2017-09-13 13:49:00.000000,5454.107580010446,2017-09-13 13:49:00.000000,46.81228,-71.21454,8,boat,ship00056,0,218.16430320041786,33.58831,-7.6113800000000005,3
2017-09-28 21:26:14.398606,0,96.2890050905949,2017-09-22 17:58:51.491522,3686.409076975302,2017-09-22 15:58:51.491522,33.58831,-7.6113800000000005,3,boat,ship00056,1,147.45636307901208,60.451480000000004,22.26869,0
2017-09-29 20:01:25.510563,3,381.04632552407656,2017-09-29 19:26:14.398606,469.1359904510748,2017-09-28 21:26:14.398606,60.451480000000004,22.26869,0,plane,ship00056,2,0.5864199880638434,64.62477,21.07689,7
2018-01-06 08:07:41.625838,3,5389.89074546952,2018-01-05 23:50:00.000000,6635.9168529474655,2018-01-05 23:50:00.000000,-10.714839999999999,25.466739999999998,4,plane,ship00057,0,8.294896066184332,43.26271,-2.92528,1
2018-01-06 15:33:29.910063,0,1579.0264214083552,2018-01-06 13:07:41.625838,1944.0631611838453,2018-01-06 08:07:41.625838,43.26271,-2.92528,1,plane,ship00057,1,2.4300789514798065,58.27429,11.43576,10
2018-01-06 18:38:57.493510,4,708.9113561828754,2018-01-06 17:33:29.910063,872.7963214642101,2018-01-06 15:33:29.910063,58.27429,11.43576,10,plane,ship00057,2,1.0909954018302626,64.62477,21.07689,7
2017-07-18 14:34:34.200093,2,692.771436668991,2017-07-14 05:05:00.000000,5274.641667953334,2017-07-14 05:05:00.000000,46.81228,-71.21454,8,truck,ship00058,0,105.4928333590667,51.9225,4.47917,6
2017-07-19 03:23:11.959209,3,1176.4265525572273,2017-07-19 01:34:34.200093,1448.3909145897437,2017-07-18 14:34:34.200093,51.9225,4.47917,6,plane,ship00058,1,1.8104886432371796,60.451480000000004,22.26869,0
2017-07-19 13:46:09.750521,0,61.616320985844155,2017-07-19 04:23:11.959209,469.1359904510748,2017-07-19 03:23:11.959209,60.451480000000004,22.26869,0,truck,ship00058,2,9.382719809021495,64.62477,21.07689,7
2018-06-07 02:47:41.877914,0,4241.984510628931,2018-06-06 20:16:00.000000,5222.639536373848,2018-06-06 20:16:00.000000,46.81228,-71.21454,8,plane,ship00059,0,6.52829942046731,43.26271,-2.92528,1
2018-06-10 08:22:17.898012,4,38.90356697885742,2018-06-07 20:47:41.877914,1489.4168062349704,2018-06-07 02:47:41.877914,43.26271,-2.92528,1,boat,ship00059,1,59.5766722493988,53.57532,10.01534,2
2018-06-12 11:58:13.611283,3,181.24138029122776,2018-06-11 08:22:17.898012,1379.940462092491,2018-06-10 08:22:17.898012,53.57532,10.01534,2,truck,ship00059,2,27.598809241849818,64.62477,21.07689,7
2018-03-16 23:47:12.026824,0,173.3301481989878,2018-03-05 22:21:00.000000,6635.9168529474655,2018-03-05 22:21:00.000000,-10.714839999999999,25.466739999999998,4,boat,ship00060,0,265.43667411789863,43.26271,-2.92528,1
2018-03-20 01:21:48.046922,4,38.90356697885742,2018-03-17 13:47:12.026824,1489.4168062349704,2018-03-16 23:47:12.026824,43.26271,-2.92528,1,boat,ship00060,1,59.5766722493988,53.57532,10.01534,2
2018-03-22 20:33:39.473463,0,36.04404486985587,2018-03-20 13:21:48.046922,1379.940462092491,2018-03-20 01:21:48.046922,53.57532,10.01534,2,boat,ship00060,2,55.197618483699635,64.62477,21.07689,7
2017-10-28 22:15:03.484110,1,4429.989799711885,2017-10-28 15:26:00.000000,5454.107580010446,2017-10-28 15:26:00.000000,46.81228,-71.21454,8,plane,ship00061,0,6.817634475013058,33.58831,-7.6113800000000005,3
2017-11-01 16:58:44.937652,3,484.1729681699362,2017-10-29 15:15:03.484110,3686.409076975302,2017-10-28 22:15:03.484110,33.58831,-7.6113800000000005,3,truck,ship00061,1,73.72818153950604,60.451480000000004,22.26869,0
2017-11-03 06:44:40.520277,0,12.253832070582073,2017-11-02 11:58:44.937652,469.1359904510748,2017-11-01 16:58:44.937652,60.451480000000004,22.26869,0,boat,ship00061,2,18.76543961804299,64.62477,21.07689,7
2018-01-19 19:15:07.607671,4,791.4468276606882,2018-01-14 18:44:00.000000,6025.9389954369435,2018-01-14 18:44:00.000000,-10.714839999999999,25.466739999999998,4,truck,ship00062,0,120.51877990873884,33.58831,-7.6113800000000005,3
2018-01-20 15:31:45.335662,0,2129.4374679490547,2018-01-20 12:15:07.607671,2621.7173312350624,2018-01-19 19:15:07.607671,33.58831,-7.6113800000000005,3,plane,ship00062,1,3.277146664043828,53.57532,10.01534,2
2018-01-23 21:43:36.762203,4,36.04404486985587,2018-01-21 14:31:45.335662,1379.940462092491,2018-01-20 15:31:45.335662,53.57532,10.01534,2,boat,ship00062,2,55.197618483699635,64.62477,21.07689,7
2018-06-18 20:26:41.877914,3,4241.984510628931,2018-06-18 13:55:00.000000,5222.639536373848,2018-06-18 13:55:00.000000,46.81228,-71.21454,8,plane,ship00063,0,6.52829942046731,43.26271,-2.92528,1
2018-06-21 07:27:50.907711,1,335.04292185391813,2018-06-19 04:26:41.877914,2550.9587471746468,2018-06-18 20:26:41.877914,43.26271,-2.92528,1,truck,ship00063,1,51.01917494349293,60.451480000000004,22.26869,0
2018-06-22 00:50:48.699023,3,61.616320985844155,2018-06-21 15:27:50.907711,469.1359904510748,2018-06-21 07:27:50.907711,60.451480000000004,22.26869,0,truck,ship00063,2,9.382719809021495,64.62477,21.07689,7
2018-04-22 12:52:55.995897,4,957.7896458483361,2018-04-16 11:02:00.000000,7292.444387454973,2018-04-16 11:02:00.000000,-11.052480000000001,26.54665,9,truck,ship00064,0,145.84888774909948,51.9225,4.47917,6
2018-04-22 22:55:29.147629,2,677.4272070068441,2018-04-22 21:52:55.995897,834.0337182901937,2018-04-22 12:52:55.995897,51.9225,4.47917,6,plane,ship00064,1,1.042542147862742,58.27429,11.43576,10
2018-04-23 08:00:56.731076,0,708.9113561828754,2018-04-23 06:55:29.147629,872.7963214642101,2018-04-22 22:55:29.147629,58.27429,11.43576,10,plane,ship00064,2,1.0909954018302626,64.62477,21.07689,7
2017-12-26 17:46:56.725479,0,4894.448430263748,2017-12-26 10:15:00.000000,6025.9389954369435,2017-12-26 10:15:00.000000,-10.714839999999999,25.466739999999998,4,plane,ship00065,0,7.532423744296177,33.58831,-7.6113800000000005,3
2017-12-30 18:30:38.179021,1,484.1729681699362,2017-12-27 16:46:56.725479,3686.409076975302,2017-12-26 17:46:56.725479,33.58831,-7.6113800000000005,3,truck,ship00065,1,73.72818153950604,60.451480000000004,22.26869,0
2017-12-31 16:05:49.290978,2,381.04632552407656,2017-12-31 15:30:38.179021,469.1359904510748,2017-12-30 18:30:38.179021,60.451480000000004,22.26869,0,plane,ship00065,2,0.5864199880638434,64.62477,21.07689,7
2018-03-08 01:19:51.757542,2,5456.697872947278,2018-03-07 16:56:00.000000,6718.1683426458985,2018-03-07 16:56:00.000000,-11.052480000000001,26.54665,9,plane,ship00066,0,8.397710428307372,43.26271,-2.92528,1
2018-03-13 03:22:09.817135,4,66.63104247620177,2018-03-08 21:19:51.757542,2550.9587471746468,2018-03-08 01:19:51.757542,43.26271,-2.92528,1,boat,ship00066,1,102.03834988698586,60.451480000000004,22.26869,0
2018-03-13 20:57:20.929092,3,381.04632552407656,2018-03-13 20:22:09.817135,469.1359904510748,2018-03-13 03:22:09.817135,60.451480000000004,22.26869,0,plane,ship00066,2,0.5864199880638434,64.62477,21.07689,7
2017-08-06 19:02:56.725479,4,4894.448430263748,2017-08-06 11:31:00.000000,6025.9389954369435,2017-08-06 11:31:00.000000,-10.714839999999999,25.466739999999998,4,plane,ship00067,0,7.532423744296177,33.58831,-7.6113800000000005,3
2017-08-13 03:30:19.632563,0,96.2890050905949,2017-08-07 00:02:56.725479,3686.409076975302,2017-08-06 19:02:56.725479,33.58831,-7.6113800000000005,3,boat,ship00067,1,147.45636307901208,60.451480000000004,22.26869,0
2017-08-13 12:53:17.423875,2,61.616320985844155,2017-08-13 03:30:19.632563,469.1359904510748,2017-08-13 03:30:19.632563,60.451480000000004,22.26869,0,truck,ship00067,2,9.382719809021495,64.62477,21.07689,7
2018-04-01 09:00:20.093238,4,136.41534469008494,2018-03-23 16:06:00.000000,5222.639536373848,2018-03-23 16:06:00.000000,46.81228,-71.21454,8,boat,ship00068,0,208.90558145495396,43.26271,-2.92528,1
2018-04-06 07:02:38.152831,0,66.63104247620177,2018-04-02 01:00:20.093238,2550.9587471746468,2018-04-01 09:00:20.093238,43.26271,-2.92528,1,boat,ship00068,1,102.03834988698586,60.451480000000004,22.26869,0
2018-04-07 11:25:35.944143,0,61.616320985844155,2018-04-07 02:02:38.152831,469.1359904510748,2018-04-06 07:02:38.152831,60.451480000000004,22.26869,0,truck,ship00068,2,9.382719809021495,64.62477,21.07689,7
2017-11-23 11:00:00.437026,1,5869.794347875761,2017-11-23 01:58:00.000000,7226.763783504376,2017-11-23 01:58:00.000000,-10.714839999999999,25.466739999999998,4,plane,ship00069,0,9.03345472938047,51.9225,4.47917,6
2017-11-24 10:40:50.864743,1,109.54198856023407,2017-11-23 18:00:00.437026,834.0337182901937,2017-11-23 11:00:00.437026,51.9225,4.47917,6,truck,ship00069,1,16.680674365803878,58.27429,11.43576,10
2017-11-26 02:35:33.535034,4,22.797439916645175,2017-11-24 15:40:50.864743,872.7963214642101,2017-11-24 10:40:50.864743,58.27429,11.43576,10,boat,ship00069,2,34.911852858568395,64.62477,21.07689,7
2017-12-31 15:18:41.625838,4,5389.89074546952,2017-12-31 07:01:00.000000,6635.9168529474655,2017-12-31 07:01:00.000000,-10.714839999999999,25.466739999999998,4,plane,ship00070,0,8.294896066184332,43.26271,-2.92528,1
2018-01-04 10:04:26.721048,3,50.778929770122055,2018-01-01 04:18:41.625838,1944.0631611838453,2017-12-31 15:18:41.625838,43.26271,-2.92528,1,boat,ship00070,1,77.7625264473538,58.27429,11.43576,10
2018-01-04 20:09:54.304495,1,708.9113561828754,2018-01-04 19:04:26.721048,872.7963214642101,2018-01-04 10:04:26.721048,58.27429,11.43576,10,plane,ship00070,2,1.0909954018302626,64.62477,21.07689,7
2018-01-02 16:57:55.745761,1,716.3424895585721,2017-12-29 03:53:00.000000,5454.107580010446,2017-12-29 03:53:00.000000,46.81228,-71.21454,8,truck,ship00071,0,109.08215160020893,33.58831,-7.6113800000000005,3
2018-01-06 03:41:37.199303,3,484.1729681699362,2018-01-03 01:57:55.745761,3686.409076975302,2018-01-02 16:57:55.745761,33.58831,-7.6113800000000005,3,truck,ship00071,1,73.72818153950604,60.451480000000004,22.26869,0
2018-01-07 10:04:34.990615,2,61.616320985844155,2018-01-07 00:41:37.199303,469.1359904510748,2018-01-06 03:41:37.199303,60.451480000000004,22.26869,0,truck,ship00071,2,9.382719809021495,64.62477,21.07689,7
2017-10-04 13:49:06.992412,4,949.1631553254648,2017-09-28 13:17:00.000000,7226.763783504376,2017-09-28 13:17:00.000000,-10.714839999999999,25.466739999999998,4,truck,ship00072,0,144.53527567008751,51.9225,4.47917,6
2017-10-06 16:47:11.138262,0,190.23166272221687,2017-10-05 11:49:06.992412,1448.3909145897437,2017-10-04 13:49:06.992412,51.9225,4.47917,6,truck,ship00072,1,28.967818291794874,60.451480000000004,22.26869,0
2017-10-07 10:10:08.929574,3,61.616320985844155,2017-10-07 00:47:11.138262,469.1359904510748,2017-10-06 16:47:11.138262,60.451480000000004,22.26869,0,truck,ship00072,2,9.382719809021495,64.62477,21.07689,7
2018-04-15 17:51:07.607671,0,791.4468276606882,2018-04-10 17:20:00.000000,6025.9389954369435,2018-04-10 17:20:00.000000,-10.714839999999999,25.466739999999998,4,truck,ship00073,0,120.51877990873884,33.58831,-7.6113800000000005,3
2018-04-18 16:40:50.046418,4,406.02746534853776,2018-04-16 02:51:07.607671,3091.4227603817403,2018-04-15 17:51:07.607671,33.58831,-7.6113800000000005,3,truck,ship00073,1,61.82845520763479,58.27429,11.43576,10
2018-04-19 13:08:11.381563,4,114.63306886110935,2018-04-18 19:40:50.046418,872.7963214642101,2018-04-18 16:40:50.046418,58.27429,11.43576,10,truck,ship00073,2,17.455926429284197,64.62477,21.07689,7
2017-10-22 12:48:51.991794,2,190.4786474003239,2017-10-10 09:07:00.000000,7292.444387454973,2017-10-10 09:07:00.000000,-11.052480000000001,26.54665,9,boat,ship00074,0,291.69777549819895,51.9225,4.47917,6
2017-10-23 01:08:38.401473,3,54.70020898955119,2017-10-22 16:48:51.991794,416.4779122091608,2017-10-22 12:48:51.991794,51.9225,4.47917,6,truck,ship00074,1,8.329558244183218,53.57532,10.01534,2
2017-10-25 09:20:29.828014,2,36.04404486985587,2017-10-23 02:08:38.401473,1379.940462092491,2017-10-23 01:08:38.401473,53.57532,10.01534,2,boat,ship00074,2,55.197618483699635,64.62477,21.07689,7
2017-12-24 16:55:44.216237,0,159.94948700067906,2017-12-14 11:59:00.000000,6123.640390531357,2017-12-14 11:59:00.000000,-11.052480000000001,26.54665,9,boat,ship00075,0,244.94561562125432,33.58831,-7.6113800000000005,3
2017-12-31 07:23:07.123321,1,96.2890050905949,2017-12-25 03:55:44.216237,3686.409076975302,2017-12-24 16:55:44.216237,33.58831,-7.6113800000000005,3,boat,ship00075,1,147.45636307901208,60.451480000000004,22.26869,0
2018-01-01 07:09:02.705946,4,12.253832070582073,2017-12-31 12:23:07.123321,469.1359904510748,2017-12-31 07:23:07.123321,60.451480000000004,22.26869,0,boat,ship00075,2,18.76543961804299,64.62477,21.07689,7
2018-05-01 13:17:10.046619,0,685.9414767073413,2018-04-27 04:50:00.000000,5222.639536373848,2018-04-27 04:50:00.000000,46.81228,-71.21454,8,truck,ship00076,0,104.45279072747697,43.26271,-2.92528,1
2018-05-01 17:42:58.330844,2,1579.0264214083552,2018-05-01 15:17:10.046619,1944.0631611838453,2018-05-01 13:17:10.046619,43.26271,-2.92528,1,plane,ship00076,1,2.4300789514798065,58.27429,11.43576,10
2018-05-03 09:10:19.665989,0,114.63306886110935,2018-05-02 15:42:58.330844,872.7963214642101,2018-05-01 17:42:58.330844,58.27429,11.43576,10,truck,ship00076,2,17.455926429284197,64.62477,21.07689,7
2018-02-28 22:14:03.484110,2,4429.989799711885,2018-02-28 15:25:00.000000,5454.107580010446,2018-02-28 15:25:00.000000,46.81228,-71.21454,8,plane,ship00077,0,6.817634475013058,33.58831,-7.6113800000000005,3
2018-03-01 19:50:32.324956,4,2994.2120445916494,2018-03-01 15:14:03.484110,3686.409076975302,2018-02-28 22:14:03.484110,33.58831,-7.6113800000000005,3,plane,ship00077,1,4.608011346219128,60.451480000000004,22.26869,0
2018-03-02 21:36:27.907581,1,12.253832070582073,2018-03-02 02:50:32.324956,469.1359904510748,2018-03-01 19:50:32.324956,60.451480000000004,22.26869,0,boat,ship00077,2,18.76543961804299,64.62477,21.07689,7
2017-12-01 00:48:00.437026,0,5869.794347875761,2017-11-30 15:46:00.000000,7226.763783504376,2017-11-30 15:46:00.000000,-10.714839999999999,25.466739999999998,4,plane,ship00078,0,9.03345472938047,51.9225,4.47917,6
2017-12-04 08:44:08.728727,4,37.8319706890841,2017-12-01 22:48:00.437026,1448.3909145897437,2017-12-01 00:48:00.437026,51.9225,4.47917,6,boat,ship00078,1,57.93563658358975,60.451480000000004,22.26869,0
2017-12-05 18:30:04.311352,2,12.253832070582073,2017-12-04 23:44:08.728727,469.1359904510748,2017-12-04 08:44:08.728727,60.451480000000004,22.26869,0,boat,ship00078,2,18.76543961804299,64.62477,21.07689,7
2018-07-10 10:05:12.026824,2,173.3301481989878,2018-06-29 08:39:00.000000,6635.9168529474655,2018-06-29 08:39:00.000000,-10.714839999999999,25.466739999999998,4,boat,ship00079,0,265.43667411789863,43.26271,-2.92528,1
2018-07-12 18:58:04.574429,1,255.33325558988633,2018-07-11 04:05:12.026824,1944.0631611838453,2018-07-10 10:05:12.026824,43.26271,-2.92528,1,truck,ship00079,1,38.8812632236769,58.27429,11.43576,10
2018-07-13 03:03:32.157876,1,708.9113561828754,2018-07-13 01:58:04.574429,872.7963214642101,2018-07-12 18:58:04.574429,58.27429,11.43576,10,plane,ship00079,2,1.0909954018302626,64.62477,21.07689,7
2017-12-23 00:05:12.026824,3,173.3301481989878,2017-12-11 22:39:00.000000,6635.9168529474655,2017-12-11 22:39:00.000000,-10.714839999999999,25.466739999999998,4,boat,ship00080,0,265.43667411789863,43.26271,-2.92528,1
2017-12-26 09:50:57.122034,0,50.778929770122055,2017-12-23 04:05:12.026824,1944.0631611838453,2017-12-23 00:05:12.026824,43.26271,-2.92528,1,boat,ship00080,1,77.7625264473538,58.27429,11.43576,10
2017-12-27 17:18:18.457179,3,114.63306886110935,2017-12-26 23:50:57.122034,872.7963214642101,2017-12-26 09:50:57.122034,58.27429,11.43576,10,truck,ship00080,2,17.455926429284197,64.62477,21.07689,7
2017-11-26 04:22:06.992412,0,949.1631553254648,2017-11-20 03:50:00.000000,7226.763783504376,2017-11-20 03:50:00.000000,-10.714839999999999,25.466739999999998,4,truck,ship00081,0,144.53527567008751,51.9225,4.47917,6
2017-11-28 08:20:11.138262,4,190.23166272221687,2017-11-27 03:22:06.992412,1448.3909145897437,2017-11-26 04:22:06.992412,51.9225,4.47917,6,truck,ship00081,1,28.967818291794874,60.451480000000004,22.26869,0
2017-11-29 02:43:08.929574,0,61.616320985844155,2017-11-28 17:20:11.138262,469.1359904510748,2017-11-28 08:20:11.138262,60.451480000000004,22.26869,0,truck,ship00081,2,9.382719809021495,64.62477,21.07689,7
2017-09-07 11:09:08.400185,1,137.7736403669411,2017-08-29 16:10:00.000000,5274.641667953334,2017-08-29 16:10:00.000000,46.81228,-71.21454,8,boat,ship00082,0,210.9856667181334,51.9225,4.47917,6
2017-09-08 15:48:41.219543,2,10.878403066903283,2017-09-07 23:09:08.400185,416.4779122091608,2017-09-07 11:09:08.400185,51.9225,4.47917,6,boat,ship00082,1,16.659116488366436,53.57532,10.01534,2
2017-09-08 18:32:10.951622,0,1120.8290415253841,2017-09-08 16:48:41.219543,1379.940462092491,2017-09-08 15:48:41.219543,53.57532,10.01534,2,plane,ship00082,2,1.7249255776156138,64.62477,21.07689,7
2018-05-05 16:27:00.437026,1,5869.794347875761,2018-05-05 07:25:00.000000,7226.763783504376,2018-05-05 07:25:00.000000,-10.714839999999999,25.466739999999998,4,plane,ship00083,0,9.03345472938047,51.9225,4.47917,6
2018-05-06 17:46:46.846705,0,54.70020898955119,2018-05-06 09:27:00.437026,416.4779122091608,2018-05-05 16:27:00.437026,51.9225,4.47917,6,truck,ship00083,1,8.329558244183218,53.57532,10.01534,2
2018-05-09 02:58:38.273246,2,36.04404486985587,2018-05-06 19:46:46.846705,1379.940462092491,2018-05-06 17:46:46.846705,53.57532,10.01534,2,boat,ship00083,2,55.197618483699635,64.62477,21.07689,7
2018-05-05 03:30:36.241341,1,175.47855710991084,2018-04-23 22:47:00.000000,6718.1683426458985,2018-04-23 22:47:00.000000,-11.052480000000001,26.54665,9,boat,ship00084,0,268.7267337058359,43.26271,-2.92528,1
2018-05-06 23:23:28.788946,4,255.33325558988633,2018-05-05 08:30:36.241341,1944.0631611838453,2018-05-05 03:30:36.241341,43.26271,-2.92528,1,truck,ship00084,1,38.8812632236769,58.27429,11.43576,10
2018-05-07 13:28:56.372393,0,708.9113561828754,2018-05-07 12:23:28.788946,872.7963214642101,2018-05-06 23:23:28.788946,58.27429,11.43576,10,plane,ship00084,2,1.0909954018302626,64.62477,21.07689,7
2017-08-11 22:23:55.995897,3,957.7896458483361,2017-08-05 20:33:00.000000,7292.444387454973,2017-08-05 20:33:00.000000,-11.052480000000001,26.54665,9,truck,ship00085,0,145.84888774909948,51.9225,4.47917,6
2017-08-13 09:03:28.815255,2,10.878403066903283,2017-08-12 16:23:55.995897,416.4779122091608,2017-08-11 22:23:55.995897,51.9225,4.47917,6,boat,ship00085,1,16.659116488366436,53.57532,10.01534,2
2017-08-16 09:15:20.241796,2,36.04404486985587,2017-08-14 02:03:28.815255,1379.940462092491,2017-08-13 09:03:28.815255,53.57532,10.01534,2,boat,ship00085,2,55.197618483699635,64.62477,21.07689,7
2017-10-02 20:31:36.241341,2,175.47855710991084,2017-09-21 15:48:00.000000,6718.1683426458985,2017-09-21 15:48:00.000000,-11.052480000000001,26.54665,9,boat,ship00086,0,268.7267337058359,43.26271,-2.92528,1
2017-10-05 16:32:45.271138,0,335.04292185391813,2017-10-03 13:31:36.241341,2550.9587471746468,2017-10-02 20:31:36.241341,43.26271,-2.92528,1,truck,ship00086,1,51.01917494349293,60.451480000000004,22.26869,0
2017-10-06 17:07:56.383095,3,381.04632552407656,2017-10-06 16:32:45.271138,469.1359904510748,2017-10-05 16:32:45.271138,60.451480000000004,22.26869,0,plane,ship00086,2,0.5864199880638434,64.62477,21.07689,7
2018-06-08 11:39:36.241341,4,175.47855710991084,2018-05-28 06:56:00.000000,6718.1683426458985,2018-05-28 06:56:00.000000,-11.052480000000001,26.54665,9,boat,ship00087,0,268.7267337058359,43.26271,-2.92528,1
2018-06-10 03:32:28.788946,0,255.33325558988633,2018-06-08 12:39:36.241341,1944.0631611838453,2018-06-08 11:39:36.241341,43.26271,-2.92528,1,truck,ship00087,1,38.8812632236769,58.27429,11.43576,10
2018-06-10 06:37:56.372393,4,708.9113561828754,2018-06-10 05:32:28.788946,872.7963214642101,2018-06-10 03:32:28.788946,58.27429,11.43576,10,plane,ship00087,2,1.0909954018302626,64.62477,21.07689,7
2017-11-11 05:21:48.120671,4,882.3642301231122,2017-11-05 15:00:00.000000,6718.1683426458985,2017-11-05 15:00:00.000000,-11.052480000000001,26.54665,9,truck,ship00088,0,134.36336685291795,43.26271,-2.92528,1
2017-11-11 09:47:36.404896,1,1579.0264214083552,2017-11-11 07:21:48.120671,1944.0631611838453,2017-11-11 05:21:48.120671,43.26271,-2.92528,1,plane,ship00088,1,2.4300789514798065,58.27429,11.43576,10
2017-11-12 09:14:57.740041,4,114.63306886110935,2017-11-11 15:47:36.404896,872.7963214642101,2017-11-11 09:47:36.404896,58.27429,11.43576,10,truck,ship00088,2,17.455926429284197,64.62477,21.07689,7
2018-05-22 07:02:41.625838,0,5389.89074546952,2018-05-21 22:45:00.000000,6635.9168529474655,2018-05-21 22:45:00.000000,-10.714839999999999,25.466739999999998,4,plane,ship00089,0,8.294896066184332,43.26271,-2.92528,1
2018-05-24 19:03:50.655635,4,335.04292185391813,2018-05-22 16:02:41.625838,2550.9587471746468,2018-05-22 07:02:41.625838,43.26271,-2.92528,1,truck,ship00089,1,51.01917494349293,60.451480000000004,22.26869,0
2018-05-25 00:39:01.767592,3,381.04632552407656,2018-05-25 00:03:50.655635,469.1359904510748,2018-05-24 19:03:50.655635,60.451480000000004,22.26869,0,plane,ship00089,2,0.5864199880638434,64.62477,21.07689,7
2018-03-03 06:48:36.241341,3,175.47855710991084,2018-02-20 02:05:00.000000,6718.1683426458985,2018-02-20 02:05:00.000000,-11.052480000000001,26.54665,9,boat,ship00090,0,268.7267337058359,43.26271,-2.92528,1
2018-03-05 12:41:28.788946,2,255.33325558988633,2018-03-03 21:48:36.241341,1944.0631611838453,2018-03-03 06:48:36.241341,43.26271,-2.92528,1,truck,ship00090,1,38.8812632236769,58.27429,11.43576,10
2018-03-07 22:36:11.459237,2,22.797439916645175,2018-03-06 11:41:28.788946,872.7963214642101,2018-03-05 12:41:28.788946,58.27429,11.43576,10,boat,ship00090,2,34.911852858568395,64.62477,21.07689,7
2018-05-28 21:50:48.120671,4,882.3642301231122,2018-05-23 07:29:00.000000,6718.1683426458985,2018-05-23 07:29:00.000000,-11.052480000000001,26.54665,9,truck,ship00091,0,134.36336685291795,43.26271,-2.92528,1
2018-05-29 05:02:07.435033,4,2071.965223217663,2018-05-29 01:50:48.120671,2550.9587471746468,2018-05-28 21:50:48.120671,43.26271,-2.92528,1,plane,ship00091,1,3.188698433968308,60.451480000000004,22.26869,0
2018-05-30 15:48:03.017658,4,12.253832070582073,2018-05-29 21:02:07.435033,469.1359904510748,2018-05-29 05:02:07.435033,60.451480000000004,22.26869,0,boat,ship00091,2,18.76543961804299,64.62477,21.07689,7
2017-08-15 13:44:55.745761,0,716.3424895585721,2017-08-11 00:40:00.000000,5454.107580010446,2017-08-11 00:40:00.000000,46.81228,-71.21454,8,truck,ship00092,0,109.08215160020893,33.58831,-7.6113800000000005,3
2017-08-18 19:34:38.184508,2,406.02746534853776,2017-08-16 05:44:55.745761,3091.4227603817403,2017-08-15 13:44:55.745761,33.58831,-7.6113800000000005,3,truck,ship00092,1,61.82845520763479,58.27429,11.43576,10
2017-08-20 13:01:59.519653,0,114.63306886110935,2017-08-19 19:34:38.184508,872.7963214642101,2017-08-18 19:34:38.184508,58.27429,11.43576,10,truck,ship00092,2,17.455926429284197,64.62477,21.07689,7
2017-08-03 13:18:06.013412,2,871.5613194661203,2017-07-29 00:35:00.000000,6635.9168529474655,2017-07-29 00:35:00.000000,-10.714839999999999,25.466739999999998,4,truck,ship00093,0,132.71833705894932,43.26271,-2.92528,1
2017-08-06 18:52:42.033510,1,38.90356697885742,2017-08-04 07:18:06.013412,1489.4168062349704,2017-08-03 13:18:06.013412,43.26271,-2.92528,1,boat,ship00093,1,59.5766722493988,53.57532,10.01534,2
2017-08-07 00:36:11.765589,4,1120.8290415253841,2017-08-06 22:52:42.033510,1379.940462092491,2017-08-06 18:52:42.033510,53.57532,10.01534,2,plane,ship00093,2,1.7249255776156138,64.62477,21.07689,7
2017-12-08 18:25:16.381757,3,4973.804434401284,2017-12-08 10:46:00.000000,6123.640390531357,2017-12-08 10:46:00.000000,-11.052480000000001,26.54665,9,plane,ship00094,0,7.6545504881641975,33.58831,-7.6113800000000005,3
2017-12-11 10:51:20.029606,4,344.3363542844131,2017-12-09 06:25:16.381757,2621.7173312350624,2017-12-08 18:25:16.381757,33.58831,-7.6113800000000005,3,truck,ship00094,1,52.43434662470125,53.57532,10.01534,2
2017-12-14 11:03:11.456147,2,36.04404486985587,2017-12-12 03:51:20.029606,1379.940462092491,2017-12-11 10:51:20.029606,53.57532,10.01534,2,boat,ship00094,2,55.197618483699635,64.62477,21.07689,7
2017-12-08 07:31:13.984825,2,188.7630700251343,2017-11-26 06:27:00.000000,7226.763783504376,2017-11-26 06:27:00.000000,-10.714839999999999,25.466739999999998,4,boat,ship00095,0,289.07055134017503,51.9225,4.47917,6
2017-12-10 14:52:54.840259,4,21.78496072173986,2017-12-09 05:31:13.984825,834.0337182901937,2017-12-08 07:31:13.984825,51.9225,4.47917,6,boat,ship00095,1,33.361348731607755,58.27429,11.43576,10
2017-12-11 09:20:16.175404,0,114.63306886110935,2017-12-10 15:52:54.840259,872.7963214642101,2017-12-10 14:52:54.840259,58.27429,11.43576,10,truck,ship00095,2,17.455926429284197,64.62477,21.07689,7
2017-09-26 06:07:00.437026,0,5869.794347875761,2017-09-25 21:05:00.000000,7226.763783504376,2017-09-25 21:05:00.000000,-10.714839999999999,25.466739999999998,4,plane,ship00096,0,9.03345472938047,51.9225,4.47917,6
2017-09-27 02:55:38.196142,2,1176.4265525572273,2017-09-27 01:07:00.437026,1448.3909145897437,2017-09-26 06:07:00.437026,51.9225,4.47917,6,plane,ship00096,1,1.8104886432371796,60.451480000000004,22.26869,0
2017-09-28 18:41:33.778767,3,12.253832070582073,2017-09-27 23:55:38.196142,469.1359904510748,2017-09-27 02:55:38.196142,60.451480000000004,22.26869,0,boat,ship00096,2,18.76543961804299,64.62477,21.07689,7
2017-08-22 10:51:12.026824,4,173.3301481989878,2017-08-11 09:25:00.000000,6635.9168529474655,2017-08-11 09:25:00.000000,-10.714839999999999,25.466739999999998,4,boat,ship00097,0,265.43667411789863,43.26271,-2.92528,1
2017-08-25 16:36:57.122034,1,50.778929770122055,2017-08-22 10:51:12.026824,1944.0631611838453,2017-08-22 10:51:12.026824,43.26271,-2.92528,1,boat,ship00097,1,77.7625264473538,58.27429,11.43576,10
2017-08-27 18:31:39.792325,3,22.797439916645175,2017-08-26 07:36:57.122034,872.7963214642101,2017-08-25 16:36:57.122034,58.27429,11.43576,10,boat,ship00097,2,34.911852858568395,64.62477,21.07689,7
2018-01-27 16:47:12.026824,3,173.3301481989878,2018-01-16 15:21:00.000000,6635.9168529474655,2018-01-16 15:21:00.000000,-10.714839999999999,25.466739999999998,4,boat,ship00098,0,265.43667411789863,43.26271,-2.92528,1
2018-01-30 06:48:21.056621,4,335.04292185391813,2018-01-28 03:47:12.026824,2550.9587471746468,2018-01-27 16:47:12.026824,43.26271,-2.92528,1,truck,ship00098,1,51.01917494349293,60.451480000000004,22.26869,0
2018-01-31 04:34:16.639246,1,12.253832070582073,2018-01-30 09:48:21.056621,469.1359904510748,2018-01-30 06:48:21.056621,60.451480000000004,22.26869,0,boat,ship00098,2,18.76543961804299,64.62477,21.07689,7
2018-07-14 17:10:55.745761,3,716.3424895585721,2018-07-10 04:06:00.000000,5454.107580010446,2018-07-10 04:06:00.000000,46.81228,-71.21454,8,truck,ship00099,0,109.08215160020893,33.58831,-7.6113800000000005,3
2018-07-20 03:50:20.623256,3,80.74796250117105,2018-07-15 00:10:55.745761,3091.4227603817403,2018-07-14 17:10:55.745761,33.58831,-7.6113800000000005,3,boat,ship00099,1,123.65691041526958,58.27429,11.43576,10
2018-07-21 03:17:41.958401,4,114.63306886110935,2018-07-20 09:50:20.623256,872.7963214642101,2018-07-20 03:50:20.623256,58.27429,11.43576,10,truck,ship00099,2,17.455926429284197,64.62477,21.07689,7
